{
    "allVidoes": [
        {
            "channelName": "National Geographic",
            "videoTitle": "The Hidden World of Antarctica",
            "videoThumbnail":"images/thumbnail-1.jpg"
        },
        {
            "channelName": "TED Talks",
            "videoTitle": "The Power of Vulnerability",
            "videoThumbnail":"images/thumbnail-2.jpg"

        },
        {
            "channelName": "BBC Earth",
            "videoTitle": "Planet Earth II: Official Extended Trailer",
            "videoThumbnail":"images/thumbnail-3.jpg"
        },
        {
            "channelName": "Vogue",
            "videoTitle": "73 Questions With Kim Kardashian West",
            "videoThumbnail":"images/thumbnail-4.jpg"
        },
        {
            "channelName": "The Late Late Show with James Corden",
            "videoTitle": "Carpool Karaoke with Justin Bieber",
            "videoThumbnail":"images/thumbnail-5.jpg"
        },
        {
            "channelName": "Smosh",
            "videoTitle": "Every Blank Ever",
            "videoThumbnail":"images/thumbnail-6.jpg"
        },
        {
            "channelName": "Vlogbrothers",
            "videoTitle": "Why Are Things Creepy?",
            "videoThumbnail":"images/thumbnail-7.jpg"
        },
        {
            "channelName": "BuzzFeedVideo",
            "videoTitle": "People Try Durian (The Smelliest Fruit In The World)",
            "videoThumbnail":"images/thumbnail-8.jpg"
        },
        {
            "channelName": "Marvel Entertainment",
            "videoTitle": "Marvel Studios' Avengers: Endgame - Official Trailer",
            "videoThumbnail":"images/thumbnail-9.jpg"
        },
        {
            "channelName": "NPR Music",
            "videoTitle": "Tiny Desk Concert: Billie Eilish",
            "videoThumbnail":"images/thumbnail-10.jpg"
        },
        {
            "channelName": "TheEllenShow",
            "videoTitle": "Ellen's Favorite Moments: Jennifer Aniston",
            "videoThumbnail":"images/thumbnail-2.jpg"
        },
        {
            "channelName": "CinemaSins",
            "videoTitle": "Everything Wrong with The Dark Knight in 4 Minutes or Less",
            "videoThumbnail":"images/thumbnail-4.jpg"
        },
        {
            "channelName": "The Try Guys",
            "videoTitle": "The Try Guys Try Not To Die",
            "videoThumbnail":"images/thumbnail-9.jpg"
        },
        {
            "channelName": "WIRED",
            "videoTitle": "Billie Eilish Answers the Web's Most Searched Questions",
            "videoThumbnail":"images/thumbnail-1.jpg"
        },
        {
            "channelName": "MrBeast",
            "videoTitle": "World's Largest Elephant Toothpaste Experiment",
            "videoThumbnail":"images/thumbnail-4.jpg"
        },
        {
            "channelName": "GQ",
            "videoTitle": "10 Things A$AP Ferg Can't Live Without",
            "videoThumbnail":"images/thumbnail-3.jpg"
        },
        {
            "channelName": "First We Feast",
            "videoTitle": "Hot Ones: Scarlett Johansson Tries To Not Spoil Avengers While Eating Spicy Wings",
            "videoThumbnail":"images/thumbnail-7.jpg"
        },
        {
            "channelName": "Tasty",
            "videoTitle": "Homemade Vs. Fast Food: Ice Cream Float Challenge",
            "videoThumbnail":"images/thumbnail-10.jpg"
        },
        {
            "channelName": "GameGrumps",
            "videoTitle": "The Legend of Zelda: Breath of the Wild - PART 1 - Game Grumps",
            "videoThumbnail":"images/thumbnail-6.jpg"
        },
        {
            "channelName": "JennaMarbles",
            "videoTitle": "How To Care For Your Cermet",
            "videoThumbnail":"images/thumbnail-8.jpg"
        },
        {
            "channelName": "The Slow Mo Guys",
            "videoTitle": "Giant 6ft Water Balloon",
            "videoThumbnail":"images/thumbnail-9.jpg"
        },
        {
            "channelName": "Bon Appétit",
            "videoTitle": "Pastry Chef Attempts to Make Gourmet Ferrero Rocher",
            "videoThumbnail":"images/thumbnail-1.jpg"
        },
        {
            "channelName": "Liza Koshy",
            "videoTitle": "I Donated $50,000 To My Favorite Twitch Streamers",
            "videoThumbnail":"images/thumbnail-3.jpg"
        },
        {
            "channelName": "VICE",
            "videoTitle": "Inside the Superhuman World of the Iceman",
            "videoThumbnail":"images/thumbnail-2.jpg"
        },
        {
            "channelName": "Wendover Productions",
            "videoTitle": "The Economics of Airline Class",
            "videoThumbnail":"images/thumbnail-4.jpg"
        },
        {
            "channelName": "The King of Random",
            "videoTitle": "Molten Salt Rocket Fuel",
            "videoThumbnail":"images/thumbnail-6.jpg"
        },
        {
            "channelName": "HowToBasic",
            "videoTitle": "How To Make a Pizza",
            "videoThumbnail":"images/thumbnail-1.jpg"
        },
        {
            "channelName": "Unbox Therapy",
            "videoTitle": "The Coolest Phone You've Never Heard Of...",
            "videoThumbnail":"images/thumbnail-5.jpg"
        },
        {
            "channelName": "The Tonight Show Starring Jimmy Fallon",
            "videoTitle": "Lip Sync Battle with Tom Cruise",
            "videoThumbnail":"images/thumbnail-8.jpg"
        },
        {
            "channelName": "Vsauce",
            "videoTitle": "The Science of Awkwardness",
            "videoThumbnail":"images/thumbnail-2.jpg"
        },
        {
            "channelName": "Good Mythical Morning",
            "videoTitle": "Blind Chicken Finger Taste Test",
            "videoThumbnail":"images/thumbnail-7.jpg"
        },
        {
            "channelName": "Mark Rober",
            "videoTitle": "Building the Perfect Squirrel Proof Bird Feeder",
            "videoThumbnail":"images/thumbnail-10.jpg"
        },
        {
            "channelName": "SmarterEveryDay",
            "videoTitle": "The Backwards Brain Bicycle - Smarter Every Day 133",
            "videoThumbnail":"images/thumbnail-3.jpg"
        },
        {
            "channelName": "Kurzgesagt – In a Nutshell",
            "videoTitle": "The Fermi Paradox — Where Are All The Aliens?",
            "videoThumbnail":"images/thumbnail-6.jpg"
        },
        {
            "channelName": "LADBible",
            "videoTitle": "Girl Who Couldn't Walk Teaches Herself To Dance",
            "videoThumbnail":"images/thumbnail-10.jpg"
        },
        {
            "channelName": "CNET",
            "videoTitle": "iPhone 13 Pro review: Damn, this is awesome",
            "videoThumbnail":"images/thumbnail-1.jpg"
        },
        {
            "channelName": "CaseyNeistat",
            "videoTitle": "SNOWBOARDING WITH THE NYPD",
            "videoThumbnail":"images/thumbnail-4.jpg"
        },
        {
            "channelName": "CrashCourse",
            "videoTitle": "The Agricultural Revolution: Crash Course World History #1",
            "videoThumbnail":"images/thumbnail-5.jpg"
        },
        {
            "channelName": "GMM",
            "videoTitle": "Will It Ice Cream? Taste Test",
            "videoThumbnail":"images/thumbnail-9.jpg"
        },
        {
            "channelName": "Jimmy Kimmel Live",
            "videoTitle": "Celebrities Read Mean Tweets #12",
            "videoThumbnail":"images/thumbnail-7.jpg"
        }
    ]
}